interaction_id,phone_number,interaction_type,interaction_date,outcome,agent_name,notes
INT-000001,+84390777647,call,2026-09-27,success,Agent-01,Ghi chú cho lượt call #1
INT-000002,0970107764,email,2026-08-18,pending,Agent-06,Ghi chú cho lượt email #2
INT-000003,0902847413,email,2026-09-10,success,Agent-09,Ghi chú cho lượt email #3
INT-000004,+84345942003,email,2026-08-10,success,Agent-01,Ghi chú cho lượt email #4
INT-000005,0967423576,call,2026-09-06,pending,Agent-04,Ghi chú cho lượt call #5
INT-000006,+84335683839,test_drive,2026-09-02,pending,Agent-06,Ghi chú cho lượt test_drive #6
INT-000007,0398929385,test_drive,2026-09-16,pending,Agent-02,Ghi chú cho lượt test_drive #7
INT-000008,033 903 9314,visit,2026-09-03,pending,Agent-04,Ghi chú cho lượt visit #8
INT-000009,087 078 9412,complaint,2026-08-21,no_answer,Agent-08,Ghi chú cho lượt complaint #9
INT-000010,+84385222978,visit,2026-09-18,success,Agent-08,Ghi chú cho lượt visit #10
INT-000011,+84385222978,visit,2026-08-15,success,Agent-01,Ghi chú cho lượt visit #11
INT-000012,097 603 4922,test_drive,2026-08-16,success,Agent-01,Ghi chú cho lượt test_drive #12
INT-000013,+84335683839,call,2026-09-14,success,Agent-01,Ghi chú cho lượt call #13
INT-000014,0931150544,call,2026-09-08,no_answer,Agent-08,Ghi chú cho lượt call #14
INT-000015,0920691259,call,2026-09-12,pending,Agent-07,Ghi chú cho lượt call #15
INT-000016,088 418 6703,email,2026-09-04,no_answer,Agent-09,Ghi chú cho lượt email #16
INT-000017,033 903 9314,email,2026-08-19,pending,Agent-02,Ghi chú cho lượt email #17
INT-000018,0887199184,email,2026-08-10,success,Agent-06,Ghi chú cho lượt email #18
INT-000019,0352279698,visit,2026-09-22,success,Agent-07,Ghi chú cho lượt visit #19
INT-000020,+84896771344,test_drive,2026-08-10,pending,Agent-09,Ghi chú cho lượt test_drive #20
INT-000021,+84976034922,purchase,2026-08-15,success,Agent-05,Ghi chú cho lượt purchase #21
INT-000022,033 903 9314,email,2026-09-15,failed,Agent-01,Ghi chú cho lượt email #22
INT-000023,0884186703,visit,2026-09-08,success,Agent-03,Ghi chú cho lượt visit #23
INT-000024,0390777647,complaint,2026-08-09,success,Agent-01,Ghi chú cho lượt complaint #24
INT-000025,0390777647,visit,2026-09-17,pending,Agent-07,Ghi chú cho lượt visit #25
INT-000026,0967423576,call,2026-09-18,failed,Agent-03,Ghi chú cho lượt call #26
INT-000027,+84926906166,visit,2026-08-27,pending,Agent-08,Ghi chú cho lượt visit #27
INT-000028,0927046749,call,2026-08-22,pending,Agent-04,Ghi chú cho lượt call #28
INT-000029,0909269000,test_drive,2026-09-14,success,Agent-05,Ghi chú cho lượt test_drive #29
INT-000030,0927046749,complaint,2026-09-12,no_answer,Agent-05,Ghi chú cho lượt complaint #30
INT-000031,0970107764,complaint,2026-08-30,success,Agent-06,Ghi chú cho lượt complaint #31
INT-000032,0967423576,visit,2026-09-03,success,Agent-01,Ghi chú cho lượt visit #32
INT-000033,0949534556,visit,2026-08-10,success,Agent-01,Ghi chú cho lượt visit #33
INT-000034,0335796444,call,2026-09-19,no_answer,Agent-01,Ghi chú cho lượt call #34
INT-000035,+84912170256,email,2026-09-08,pending,Agent-06,Ghi chú cho lượt email #35
INT-000036,0335796444,call,2026-09-24,pending,Agent-07,Ghi chú cho lượt call #36
INT-000037,0887199184,visit,2026-08-07,success,Agent-09,Ghi chú cho lượt visit #37
INT-000038,0927046749,complaint,2026-09-04,no_answer,Agent-07,Ghi chú cho lượt complaint #38
INT-000039,0398929385,complaint,2026-08-19,success,Agent-05,Ghi chú cho lượt complaint #39
INT-000040,0931150544,email,2026-08-27,pending,Agent-05,Ghi chú cho lượt email #40
INT-000041,0920691259,purchase,2026-08-07,success,Agent-08,Ghi chú cho lượt purchase #41
INT-000042,0931150544,test_drive,2026-08-27,success,Agent-04,Ghi chú cho lượt test_drive #42
INT-000043,+84902808292,test_drive,2026-10-02,success,Agent-08,Ghi chú cho lượt test_drive #43
INT-000044,0949534556,visit,2026-09-15,success,Agent-09,Ghi chú cho lượt visit #44
INT-000045,097 603 4922,call,2026-08-18,pending,Agent-05,Ghi chú cho lượt call #45
INT-000046,087 078 9412,complaint,2026-09-08,success,Agent-08,Ghi chú cho lượt complaint #46
INT-000047,097 603 4922,call,2026-09-12,success,Agent-09,Ghi chú cho lượt call #47
INT-000048,+84912170256,test_drive,2026-08-26,no_answer,Agent-07,Ghi chú cho lượt test_drive #48
INT-000049,0931150544,test_drive,2026-08-21,success,Agent-09,Ghi chú cho lượt test_drive #49
INT-000050,+84975316612,visit,2026-09-20,success,Agent-08,Ghi chú cho lượt visit #50
INT-000051,0902847413,test_drive,2026-09-04,success,Agent-07,Ghi chú cho lượt test_drive #51
INT-000052,0920691259,complaint,2026-08-29,success,Agent-07,Ghi chú cho lượt complaint #52
INT-000053,0920691259,email,2026-08-14,no_answer,Agent-09,Ghi chú cho lượt email #53
INT-000054,+84902808292,visit,2026-09-08,success,Agent-04,Ghi chú cho lượt visit #54
INT-000055,+84881995112,call,2026-08-12,success,Agent-07,Ghi chú cho lượt call #55
INT-000056,0335796444,test_drive,2026-09-09,no_answer,Agent-08,Ghi chú cho lượt test_drive #56
INT-000057,0373662201,email,2026-09-17,success,Agent-02,Ghi chú cho lượt email #57
INT-000058,+84335683839,purchase,2026-08-14,pending,Agent-07,Ghi chú cho lượt purchase #58
INT-000059,097 603 4922,complaint,2026-09-11,success,Agent-04,Ghi chú cho lượt complaint #59
INT-000060,+84390777647,email,2026-09-30,success,Agent-01,Ghi chú cho lượt email #60
INT-000061,+84335683839,visit,2026-10-03,pending,Agent-08,Ghi chú cho lượt visit #61
INT-000062,0335796444,email,2026-08-12,failed,Agent-09,Ghi chú cho lượt email #62
INT-000063,+84385222978,call,2026-09-02,no_answer,Agent-04,Ghi chú cho lượt call #63
INT-000064,+84975316612,email,2026-08-12,pending,Agent-09,Ghi chú cho lượt email #64
INT-000065,0949534556,visit,2026-08-21,pending,Agent-01,Ghi chú cho lượt visit #65
INT-000066,+84902808292,call,2026-09-17,success,Agent-03,Ghi chú cho lượt call #66
INT-000067,0335796444,call,2026-08-13,pending,Agent-03,Ghi chú cho lượt call #67
INT-000068,0971910954,test_drive,2026-08-27,success,Agent-04,Ghi chú cho lượt test_drive #68
INT-000069,0326084187,test_drive,2026-08-06,failed,Agent-07,Ghi chú cho lượt test_drive #69
INT-000070,+84399917868,test_drive,2026-09-06,pending,Agent-02,Ghi chú cho lượt test_drive #70
INT-000071,0970107764,test_drive,2026-09-28,no_answer,Agent-08,Ghi chú cho lượt test_drive #71
INT-000072,+84385222978,email,2026-09-26,no_answer,Agent-01,Ghi chú cho lượt email #72
INT-000073,0931150544,call,2026-09-28,success,Agent-06,Ghi chú cho lượt call #73
INT-000074,097 603 4922,visit,2026-09-19,success,Agent-05,Ghi chú cho lượt visit #74
INT-000075,0884186703,call,2026-10-01,success,Agent-07,Ghi chú cho lượt call #75
INT-000076,097 603 4922,test_drive,2026-09-08,success,Agent-02,Ghi chú cho lượt test_drive #76
INT-000077,0967423576,email,2026-09-11,success,Agent-03,Ghi chú cho lượt email #77
INT-000078,088 418 6703,complaint,2026-09-25,pending,Agent-01,Ghi chú cho lượt complaint #78
INT-000079,0898261773,email,2026-09-05,success,Agent-05,Ghi chú cho lượt email #79
INT-000080,0971910954,test_drive,2026-09-03,success,Agent-03,Ghi chú cho lượt test_drive #80
