session_id,vin,station_id,connector_id,charger_type,started_at,ended_at,kwh_delivered,cost_vnd,payment_method
SESS-EXT-000001,DKJY1072LDX79HHBE,CS-NA-045,CONN-03,AC_TYPE2,2026-09-28T07:23:00,2026-09-28T10:18:00,41.64,166337,cash
SESS-EXT-000002,VR1NE1FV87M2XSENY,CS-SG-017,CONN-04,CCS2_DC,2026-10-01T06:35:00,2026-10-01T08:23:00,52.55,165991,app
SESS-EXT-000003,,CS-TN-041,CONN-02,AC_TYPE2,2026-10-03T20:44:00,2026-10-03T23:12:00,40.05,167309,app
SESS-EXT-000004,DKJY1072LDX79HHBE,CS-TH-036,CONN-02,AC_TYPE2,2026-09-29T13:13:00,2026-09-29T14:26:00,50.45,217021,rfid_card
SESS-EXT-000005,DKJY1072LDX79HHBE,CS-DN-029,CONN-02,AC_TYPE2,2026-09-28T12:06:00,2026-09-28T14:10:00,70.06,257886,app
SESS-EXT-000006,DUSLA2MYPN6D11NJA,CS-SG-015,CONN-04,AC_TYPE2,2026-09-29T21:06:00,2026-09-29T23:47:00,49.58,159619,credit_card
SESS-EXT-000007,TY1P72GZ1M1632XJ3,CS-HN-004,CONN-01,CCS2_DC,2026-09-28T20:35:00,2026-09-28T21:21:00,26.35,85134,app
SESS-EXT-000008,3FK79WRMXWKAE8PSS,CS-DN-030,CONN-01,CCS2_DC,2026-10-03T19:03:00,2026-10-03T20:31:00,56.05,201257,app
SESS-EXT-000009,WHMNTN1LRNGZHK38Z,CS-DN-032,CONN-04,AC_TYPE2,2026-09-29T19:32:00,2026-09-29T19:58:00,18.61,62446,app
SESS-EXT-000010,RWUZ3N4L9T1535UBT,CS-TH-035,CONN-02,CCS2_DC,2026-10-04T06:22:00,2026-10-04T09:10:00,12.63,53660,app
SESS-EXT-000011,4436H9L3W2XYX21E4,CS-DN-029,CONN-03,AC_TYPE2,2026-10-02T14:58:00,2026-10-02T17:35:00,39.71,142067,rfid_card
SESS-EXT-000012,1FNW05BGKL92L9TTR,CS-SG-014,CONN-02,CCS2_DC,2026-10-01T08:25:00,2026-10-01T10:21:00,32.56,115586,app
SESS-EXT-000013,G8XKXT6J97FFUBKR8,CS-SG-013,CONN-03,CCS2_DC,2026-10-03T10:47:00,2026-10-03T13:38:00,73.73,274361,app
SESS-EXT-000014,MEG4LL7E77WFFKWFS,CS-DN-025,CONN-02,AC_TYPE2,2026-09-30T09:48:00,2026-09-30T11:36:00,52.47,180085,credit_card
SESS-EXT-000015,RWUZ3N4L9T1535UBT,CS-DN-029,CONN-03,AC_TYPE2,2026-10-01T19:55:00,2026-10-01T20:36:00,51.08,160521,credit_card
SESS-EXT-000016,C88F3PWR29378CJ0W,CS-DN-032,CONN-01,AC_TYPE2,2026-10-04T14:36:00,2026-10-04T15:22:00,47.37,182789,app
SESS-EXT-000017,WHMNTN1LRNGZHK38Z,CS-HN-010,CONN-04,AC_TYPE2,2026-09-28T18:31:00,2026-09-28T20:09:00,49.97,219708,app
SESS-EXT-000018,DKJY1072LDX79HHBE,CS-TN-043,CONN-02,AC_TYPE2,2026-09-30T17:25:00,2026-09-30T20:12:00,55.34,193723,credit_card
SESS-EXT-000019,KBAN7U6DD4DBP7ZD4,CS-TN-042,CONN-02,CCS2_DC,2026-09-29T11:31:00,2026-09-29T12:41:00,16.82,54191,cash
SESS-EXT-000020,F713RSX24AYDK4J3S,CS-DN-030,CONN-01,CCS2_DC,2026-09-29T08:33:00,2026-09-29T11:24:00,63.52,236244,app
SESS-EXT-000021,,CS-HT-051,CONN-04,CCS2_DC,2026-09-28T12:07:00,2026-09-28T13:10:00,52.78,167994,rfid_card
SESS-EXT-000022,MEG4LL7E77WFFKWFS,CS-NA-046,CONN-01,CCS2_DC,2026-10-04T13:43:00,2026-10-04T16:15:00,27.15,100131,app
SESS-EXT-000023,,CS-HN-001,CONN-02,CCS2_DC,2026-10-01T07:23:00,2026-10-01T10:22:00,70.94,243030,credit_card
SESS-EXT-000024,,CS-HN-003,CONN-01,AC_TYPE2,2026-10-04T16:37:00,2026-10-04T17:11:00,72.28,219976,app
SESS-EXT-000025,DKJY1072LDX79HHBE,CS-DN-025,CONN-04,AC_TYPE2,2026-10-03T06:54:00,2026-10-03T08:00:00,7.71,23199,app
SESS-EXT-000026,VR1NE1FV87M2XSENY,CS-TH-036,CONN-04,AC_TYPE2,2026-09-28T09:17:00,2026-09-28T11:52:00,9.29,39041,cash
SESS-EXT-000027,TYG3VU2XCKF1BGWZT,CS-HN-007,CONN-04,CCS2_DC,2026-09-29T13:02:00,2026-09-29T14:34:00,14.37,53982,credit_card
SESS-EXT-000028,FVUS3J8LUU5RKAN4A,CS-HN-011,CONN-04,AC_TYPE2,2026-10-01T08:48:00,2026-10-01T11:05:00,19.48,66345,credit_card
SESS-EXT-000029,VR1NE1FV87M2XSENY,CS-DN-029,CONN-03,AC_TYPE2,2026-10-04T07:36:00,2026-10-04T07:56:00,71.31,289833,app
SESS-EXT-000030,TYG3VU2XCKF1BGWZT,CS-HN-003,CONN-01,AC_TYPE2,2026-10-02T21:35:00,2026-10-02T23:08:00,63.81,252328,rfid_card
