dealer_code,dealer_name,city,address,lat,lon,dealer_type
DLR-HN-001,VinFast HN Flagship 1,HN,"180 HN Street, HN",21.04772986635624,105.8720612470412,flagship
DLR-HN-002,VinFast HN Retail 2,HN,"100 HN Street, HN",21.024560580619625,105.83726806751824,retail
DLR-HN-003,VinFast HN Retail 3,HN,"121 HN Street, HN",20.970615501103076,105.80129201550584,retail
DLR-SG-001,VinFast SG Service 1,SG,"73 SG Street, SG",10.792890969068937,106.6646808377856,service
DLR-SG-002,VinFast SG Retail 2,SG,"153 SG Street, SG",10.762649441157542,106.73040062273869,retail
DLR-SG-003,VinFast SG Retail 3,SG,"193 SG Street, SG",10.768682497685294,106.66289911780358,retail
DLR-DN-001,VinFast DN Service 1,DN,"26 DN Street, DN",15.985307183072306,108.21957694574184,service
DLR-DN-002,VinFast DN Retail 2,DN,"91 DN Street, DN",16.03063400177213,108.14435768582446,retail
DLR-TH-001,VinFast TH Retail 1,TH,"99 TH Street, TH",19.816407048454188,105.77727408582093,retail
DLR-TN-001,VinFast TN Retail 1,TN,"144 TN Street, TN",21.58292577490108,105.80326010029512,retail
DLR-NA-001,VinFast NA Retail 1,NA,"157 NA Street, NA",18.72796750300962,105.71480444983658,retail
DLR-HT-001,VinFast HT Flagship 1,HT,"9 HT Street, HT",18.40163211564878,105.85404947782709,flagship
