vin,model_code,color,dealer_code,stock_in_date,status
5YEESWBZUADR04RK8,VF6,white,DLR-SG-003,2026-08-26,reserved
K12UDN9B6ZK24BDY9,VF9,red,DLR-HN-001,2026-09-22,in_stock
Z65AJHRE523GA7KY7,VF3,white,DLR-HN-001,2026-10-04,sold
B938HK5JBZ387D240,VF_EVO_LITE_S,white,DLR-TN-001,2026-08-25,in_stock
DE0TU1VXC5RF31BGA,VF3,red,DLR-SG-001,2026-08-02,sold
9TBCXABH6S0PFND2G,VF_FLAZZ_S,black,DLR-SG-002,2026-08-12,sold
JY5VREJ8UKPWU0JYR,VF5,black,DLR-HT-001,2026-09-21,in_stock
T7SED9E8KDLXR2XPX,VF7,black,DLR-HT-001,2026-09-21,in_stock
8WWL7BKPSSEHDVMVW,VF8,red,DLR-TH-001,2026-08-07,in_stock
YJ2MVGRUXUM8T31V6,VF_FLAZZ_S,red,DLR-HN-002,2026-07-20,in_stock
J3JLU4NTBDBC544BC,VF8,black,DLR-SG-001,2026-09-04,in_stock
FC16AR405PN0FHWZD,VF6,blue,DLR-DN-001,2026-08-20,reserved
R2RL2ZE01N7YMAZG1,VF7,red,DLR-DN-001,2026-09-20,sold
F798VG439YETR4NLC,VF_AMIO_S,black,DLR-NA-001,2026-10-01,in_stock
7ELFJ68BXHGKGT9W0,VF3,black,DLR-SG-003,2026-09-27,sold
J5YVYPZ32XB0N1U6M,VF_EVO_LITE_S,black,DLR-HT-001,2026-09-05,sold
Z5NTR7LWD5NMWT4UU,VF3,blue,DLR-HN-002,2026-08-30,sold
7NFAMLGJAX7ZRPLEW,VF3,black,DLR-DN-001,2026-08-28,sold
UX093X6S92Y6T0K8X,VF7,white,DLR-TN-001,2026-07-18,sold
D3RYV8YP9D9FK4191,VF6,white,DLR-DN-002,2026-10-04,in_stock
T28T595SL9HPC3YCH,VF8,black,DLR-DN-001,2026-07-24,sold
7HBBN8BND7Z20Y2A5,VF_AMIO_S,blue,DLR-TH-001,2026-08-30,in_stock
6HDXH5RA8TJZUA2P0,VF9,black,DLR-NA-001,2026-08-05,sold
HUM256K0WRPDKV65G,VF3,black,DLR-TH-001,2026-08-05,sold
R3U9YK2PUEDVG9501,VF3,black,DLR-DN-002,2026-08-30,in_stock
7MEDNCCMGVAKR8X6M,VF7,blue,DLR-SG-003,2026-07-17,sold
TU9KM6NHVL66LU91H,VF9,white,DLR-DN-002,2026-08-07,in_stock
KKLFFM5AKCVJ3W2XR,VF7,blue,DLR-NA-001,2026-07-11,sold
J3Z6J2SGFVLDRYL82,VF_FLAZZ_S,white,DLR-DN-001,2026-08-27,reserved
B1DKBBJVC9SJU3LBB,VF5,black,DLR-NA-001,2026-08-08,in_stock
