order_id,vin,dealer_code,customer_phone,sale_date,model_code,color,unit_price_vnd,payment_method,warranty_start
ORD-000001,3FK79WRMXWKAE8PSS,DLR-TN-001,097 603 4922,2026-08-23,VFe34,red,709340196,installment,2026-08-30
ORD-000002,FVUS3J8LUU5RKAN4A,DLR-NA-001,+84881995112,2026-08-01,VF6,blue,816728937,bank_loan,2026-08-08
ORD-000003,DKJY1072LDX79HHBE,DLR-DN-001,+84881995112,2026-05-03,VF6,grey,876201375,bank_loan,2026-05-10
ORD-000004,G8XKXT6J97FFUBKR8,DLR-HT-001,+84896771344,2025-10-12,VF3,grey,249379019,installment,2025-10-19
ORD-000005,DUSLA2MYPN6D11NJA,DLR-HT-001,0326084187,2026-06-23,VF3,white,247946704,cash,2026-06-30
ORD-000006,1FNW05BGKL92L9TTR,DLR-HN-002,0326084187,2026-09-19,VF5,black,529750221,bank_loan,2026-09-26
ORD-000007,8EKT7Z2WPG53A0C14,DLR-HN-002,033 903 9314,2026-08-07,VF8,silver,1187709383,bank_loan,2026-08-14
ORD-000008,ETTYL8UK87TAWVEX4,DLR-HN-002,0887199184,2026-08-01,VF_AMIO_S,red,31398695,bank_loan,2026-08-08
ORD-000009,F713RSX24AYDK4J3S,DLR-HN-003,0335796444,2026-03-01,VF_AMIO_S,blue,31103216,bank_loan,2026-03-08
ORD-000010,KPDN7RDY85KRUJJH9,DLR-TH-001,0862943403,2025-11-10,VF_FLAZZ_S,white,30612988,bank_loan,2025-11-17
ORD-000011,MEG4LL7E77WFFKWFS,DLR-HN-002,+84881995112,2026-09-16,VF_AMIO_S,white,29023924,cash,2026-09-23
ORD-000012,RWUZ3N4L9T1535UBT,DLR-HN-003,0909269000,2026-06-24,VFe34,black,715057518,bank_loan,2026-07-01
ORD-000013,KBAN7U6DD4DBP7ZD4,DLR-NA-001,087 078 9412,2025-10-07,VFe34,silver,731443837,installment,2025-10-14
ORD-000014,XYX21E4ULT854S2NZ,DLR-DN-002,+84975316612,2026-06-13,VF3,white,239469054,bank_loan,2026-06-20
ORD-000015,WHMNTN1LRNGZHK38Z,DLR-NA-001,+84926906166,2026-03-21,VF_AMIO_S,black,30106304,installment,2026-03-28
ORD-000016,TYG3VU2XCKF1BGWZT,DLR-NA-001,+84399917868,2026-08-04,VF_FLAZZ_S,blue,30704306,installment,2026-08-11
ORD-000017,WCU70E88F3PWR2937,DLR-HT-001,+84884186703,2026-06-18,VF_AMIO_S,blue,28785147,bank_loan,2026-06-25
ORD-000018,FFEVAVSSZU1273UTH,DLR-DN-002,+84390777647,2025-09-26,VF_EVO_LITE_S,white,33659862,cash,2025-10-03
ORD-000019,TY1P72GZ1M1632XJ3,DLR-SG-002,+84881995112,2026-05-25,VF6,white,820061586,installment,2026-06-01
ORD-000020,VR1NE1FV87M2XSENY,DLR-HT-001,0335796444,2025-12-19,VF_EVO_LITE_S,silver,33664675,installment,2025-12-26
